{"urls":["/Users/matsumotoarata/git/ME/WORK/Cycles/OrdinaryLife/public/static/speeches/Justin/sprite/data.ogg","/Users/matsumotoarata/git/ME/WORK/Cycles/OrdinaryLife/public/static/speeches/Justin/sprite/data.m4a","/Users/matsumotoarata/git/ME/WORK/Cycles/OrdinaryLife/public/static/speeches/Justin/sprite/data.mp3","/Users/matsumotoarata/git/ME/WORK/Cycles/OrdinaryLife/public/static/speeches/Justin/sprite/data.ac3"],"sprite":{"awake":[0,792.0181405895692],"believe":[2000,839.9999999999999],"buy":[4000,648.0045351473924],"care":[6000,672.0181405895689],"collect":[8000,839.9999999999999],"cook":[10000,696.0090702947853],"cough":[12000,768.0045351473925],"dance":[14000,792.0181405895689],"drink":[16000,768.0045351473907],"eat":[18000,648.0045351473933],"explain":[20000,936.0090702947837],"fall":[22000,792.0181405895689],"find":[24000,839.9999999999999],"jump":[26000,719.9999999999989],"kiss":[28000,744.0136054421771],"laugh":[30000,768.0045351473907],"lead":[32000,719.9999999999989],"lie":[34000,672.0181405895715],"like":[36000,744.0136054421771],"love":[38000,719.9999999999989],"pass":[40000,792.0181405895689],"prepare":[42000,792.0181405895689],"promise":[44000,864.0136054421746],"read":[46000,648.0045351473933],"remember":[48000,792.0181405895689],"report":[50000,840.0000000000034],"save":[52000,792.0181405895689],"say":[54000,744.0136054421771],"sell":[56000,719.9999999999989],"send":[58000,792.0181405895689],"shake":[60000,792.0181405895689],"stand":[62000,888.0045351473952],"study":[64000,816.0090702947826],"teach":[66000,768.0045351473979],"thank":[68000,792.0181405895761],"trip":[70000,719.9999999999989],"understand":[72000,1079.9999999999982],"use":[75000,719.9999999999989],"wait":[77000,672.0181405895715],"walk":[79000,744.0136054421771],"win":[81000,672.0181405895715],"write":[83000,744.0136054421771]}}