{"urls":["/Users/matsumotoarata/git/ME/WORK/Cycles/OrdinaryLife/public/static/speeches/Justin/sprite/data.mp3","/Users/matsumotoarata/git/ME/WORK/Cycles/OrdinaryLife/public/static/speeches/Justin/sprite/data.wav"],"sprite":{"awake":[0,792.0181405895692],"believe":[2000,839.9999999999999],"born":[4000,792.0181405895689],"buy":[6000,648.0045351473924],"care":[8000,672.0181405895697],"collect":[10000,839.9999999999999],"cook":[12000,696.0090702947853],"cough":[14000,768.0045351473925],"cry":[16000,719.9999999999989],"dance":[18000,792.0181405895689],"draw":[20000,792.0181405895689],"drink":[22000,768.0045351473907],"eat":[24000,648.0045351473933],"enjoy":[26000,839.9999999999999],"explain":[28000,936.0090702947837],"fall":[30000,792.0181405895689],"find":[32000,840.0000000000034],"follow":[34000,888.0045351473952],"help":[36000,648.0045351473933],"jump":[38000,719.9999999999989],"kiss":[40000,744.0136054421771],"knock":[42000,744.0136054421771],"laugh":[44000,768.0045351473907],"lead":[46000,719.9999999999989],"lie":[48000,672.0181405895715],"like":[50000,744.0136054421771],"live":[52000,768.0045351473907],"love":[54000,719.9999999999989],"marry":[56000,719.9999999999989],"meet":[58000,719.9999999999989],"pass":[60000,792.0181405895689],"pick":[62000,672.0181405895715],"play":[64000,648.0045351473933],"prepare":[66000,792.0181405895761],"promise":[68000,864.0136054421816],"read":[70000,648.0045351473933],"remember":[72000,792.0181405895761],"report":[74000,840.0000000000034],"save":[76000,792.0181405895761],"say":[78000,744.0136054421771],"sell":[80000,719.9999999999989],"send":[82000,792.0181405895761],"shake":[84000,792.0181405895761],"show":[86000,719.9999999999989],"sleep":[88000,792.0181405895761],"smile":[90000,912.0181405895664],"stand":[92000,888.0045351473882],"study":[94000,816.0090702947826],"swim":[96000,792.0181405895761],"talk":[98000,768.0045351473979],"teach":[100000,768.0045351473979],"tell":[102000,648.0045351473933],"thank":[104000,792.0181405895761],"throw":[106000,768.0045351473979],"trip":[108000,719.9999999999989],"try":[110000,768.0045351473979],"understand":[112000,1079.9999999999982],"use":[115000,719.9999999999989],"wait":[117000,672.0181405895715],"walk":[119000,744.0136054421771],"wash":[121000,840.0000000000034],"watch":[123000,840.0000000000034],"win":[125000,672.0181405895715],"work":[127000,719.9999999999989],"write":[129000,744.0136054421771]}}