{"urls":["/Users/matsumotoarata/git/ME/WORK/Cycles/OrdinaryLife/public/static/speeches/Justin/sprite/data.mp3","/Users/matsumotoarata/git/ME/WORK/Cycles/OrdinaryLife/public/static/speeches/Justin/sprite/data.wav"],"sprite":{"awake":[0,792.0181405895692],"believe":[2000,839.9999999999999],"born":[4000,792.0181405895689],"buy":[6000,648.0045351473924],"care":[8000,672.0181405895697],"collect":[10000,839.9999999999999],"cook":[12000,696.0090702947853],"cough":[14000,768.0045351473925],"cry":[16000,719.9999999999989],"dance":[18000,792.0181405895689],"die":[20000,648.0045351473933],"draw":[22000,792.0181405895689],"drink":[24000,768.0045351473907],"drive":[26000,792.0181405895689],"eat":[28000,648.0045351473933],"enjoy":[30000,839.9999999999999],"explain":[32000,936.0090702947872],"fall":[34000,792.0181405895689],"feel":[36000,719.9999999999989],"find":[38000,840.0000000000034],"follow":[40000,888.0045351473952],"help":[42000,648.0045351473933],"introduce":[44000,984.0136054421791],"invite":[46000,840.0000000000034],"jump":[48000,719.9999999999989],"kick":[50000,696.0090702947853],"kiss":[52000,744.0136054421771],"knock":[54000,744.0136054421771],"laugh":[56000,768.0045351473907],"lead":[58000,719.9999999999989],"learn":[60000,792.0181405895689],"leave":[62000,768.0045351473907],"lie":[64000,672.0181405895715],"like":[66000,744.0136054421771],"live":[68000,768.0045351473979],"love":[70000,719.9999999999989],"marry":[72000,719.9999999999989],"meet":[74000,719.9999999999989],"paint":[76000,719.9999999999989],"pass":[78000,792.0181405895761],"pick":[80000,672.0181405895715],"play":[82000,648.0045351473933],"prepare":[84000,792.0181405895761],"promise":[86000,864.0136054421816],"read":[88000,648.0045351473933],"remember":[90000,792.0181405895761],"report":[92000,840.0000000000034],"run":[94000,648.0045351473933],"save":[96000,792.0181405895761],"say":[98000,744.0136054421771],"sell":[100000,719.9999999999989],"send":[102000,792.0181405895761],"shake":[104000,792.0181405895761],"share":[106000,792.0181405895761],"show":[108000,719.9999999999989],"sleep":[110000,792.0181405895761],"smile":[112000,912.0181405895664],"stand":[114000,888.0045351473882],"study":[116000,816.0090702947826],"swim":[118000,792.0181405895761],"talk":[120000,768.0045351473979],"teach":[122000,768.0045351473979],"tell":[124000,648.0045351473933],"thank":[126000,792.0181405895761],"think":[128000,719.9999999999989],"throw":[130000,768.0045351473836],"touch":[132000,792.0181405895619],"trip":[134000,719.9999999999989],"try":[136000,768.0045351473836],"understand":[138000,1080.0000000000125],"use":[141000,719.9999999999989],"wait":[143000,672.0181405895573],"walk":[145000,744.0136054421771],"wash":[147000,840.0000000000034],"watch":[149000,840.0000000000034],"win":[151000,672.0181405895573],"work":[153000,719.9999999999989],"write":[155000,744.0136054421771]}}