{"urls":["/Users/matsumotoarata/git/ME/WORK/Cycles/OrdinaryLife/public/static/speeches/Matthew/sprite/data.mp3","/Users/matsumotoarata/git/ME/WORK/Cycles/OrdinaryLife/public/static/speeches/Matthew/sprite/data.wav"],"sprite":{"awake":[0,624.0136054421769],"believe":[2000,672.0181405895693],"born":[4000,599.9999999999997],"buy":[6000,576.0090702947842],"collect":[8000,624.0136054421761],"cook":[10000,528.0045351473923],"cough":[12000,624.0136054421761],"dance":[14000,624.0136054421761],"die":[16000,552.0181405895705],"draw":[18000,600.0000000000014],"drink":[20000,552.0181405895705],"drive":[22000,648.0045351473933],"eat":[24000,456.0090702947832],"enjoy":[26000,696.0090702947853],"feel":[28000,600.0000000000014],"follow":[30000,672.018140589568],"help":[32000,504.0136054421751],"introduce":[34000,792.0181405895689],"jump":[36000,528.0045351473888],"kick":[38000,528.0045351473888],"kiss":[40000,576.0090702947878],"knock":[42000,576.0090702947878],"laugh":[44000,600.0000000000014],"lead":[46000,552.018140589567],"learn":[48000,600.0000000000014],"leave":[50000,600.0000000000014],"lie":[52000,576.0090702947878],"like":[54000,552.018140589567],"live":[56000,624.0136054421796],"love":[58000,624.0136054421796],"paint":[60000,552.018140589567],"pass":[62000,600.0000000000014],"play":[64000,528.0045351473888],"prepare":[66000,719.9999999999989],"read":[68000,576.0090702947878],"remember":[70000,648.0045351473933],"run":[72000,599.9999999999943],"save":[74000,624.0136054421725],"say":[76000,648.0045351473933],"sell":[78000,624.0136054421725],"send":[80000,576.0090702947878],"shake":[82000,599.9999999999943],"share":[84000,599.9999999999943],"show":[86000,624.0136054421725],"sleep":[88000,624.0136054421725],"smile":[90000,696.0090702947781],"stand":[92000,696.0090702947781],"study":[94000,648.0045351473933],"swim":[96000,648.0045351473933],"talk":[98000,552.018140589567],"teach":[100000,552.018140589567],"tell":[102000,528.0045351473888],"thank":[104000,528.0045351473888],"think":[106000,528.0045351473888],"throw":[108000,599.9999999999943],"touch":[110000,552.018140589567],"trip":[112000,528.0045351473888],"try":[114000,599.9999999999943],"understand":[116000,864.0136054421816],"wait":[118000,456.0090702947832],"walk":[120000,576.0090702947878],"watch":[122000,576.0090702947878],"win":[124000,576.0090702947878],"work":[126000,552.018140589567],"write":[128000,552.0181405895812]}}