{"urls":["/Users/matsumotoarata/git/ME/WORK/Cycles/OrdinaryLife/public/static/speeches/Matthew/sprite/data.ogg","/Users/matsumotoarata/git/ME/WORK/Cycles/OrdinaryLife/public/static/speeches/Matthew/sprite/data.m4a","/Users/matsumotoarata/git/ME/WORK/Cycles/OrdinaryLife/public/static/speeches/Matthew/sprite/data.mp3","/Users/matsumotoarata/git/ME/WORK/Cycles/OrdinaryLife/public/static/speeches/Matthew/sprite/data.ac3"],"sprite":{"awake":[0,624.0136054421769],"buy":[2000,576.0090702947847],"cough":[4000,624.013605442177],"dance":[6000,624.013605442177],"drink":[8000,552.0181405895688],"help":[10000,504.01360544217687],"jump":[12000,528.0045351473923],"kick":[14000,528.0045351473923],"knock":[16000,576.0090702947842],"laugh":[18000,600.0000000000014],"lead":[20000,552.0181405895705],"learn":[22000,600.0000000000014],"leave":[24000,600.0000000000014],"like":[26000,552.0181405895705],"play":[28000,528.0045351473923],"say":[30000,648.0045351473933],"sleep":[32000,624.0136054421796],"stand":[34000,696.0090702947853],"teach":[36000,552.018140589567],"think":[38000,528.0045351473888],"throw":[40000,600.0000000000014],"try":[42000,600.0000000000014],"wait":[44000,456.0090702947832],"work":[46000,552.018140589567],"write":[48000,552.018140589567]}}