{"urls":["/Users/matsumotoarata/git/ME/WORK/Cycles/OrdinaryLife/public/static/speeches/Matthew/sprite/data.mp3","/Users/matsumotoarata/git/ME/WORK/Cycles/OrdinaryLife/public/static/speeches/Matthew/sprite/data.wav"],"sprite":{"awake":[0,624.0136054421769],"believe":[2000,672.0181405895693],"born":[4000,599.9999999999997],"buy":[6000,576.0090702947842],"care":[8000,552.0181405895688],"collect":[10000,624.0136054421761],"cook":[12000,528.0045351473923],"cough":[14000,624.0136054421761],"cry":[16000,600.0000000000014],"dance":[18000,624.0136054421761],"die":[20000,552.0181405895705],"draw":[22000,600.0000000000014],"drink":[24000,552.0181405895705],"drive":[26000,648.0045351473933],"eat":[28000,456.0090702947832],"enjoy":[30000,696.0090702947853],"explain":[32000,744.0136054421771],"fall":[34000,576.0090702947878],"feel":[36000,600.0000000000014],"find":[38000,648.0045351473933],"follow":[40000,672.0181405895715],"help":[42000,504.0136054421751],"introduce":[44000,792.0181405895689],"invite":[46000,648.0045351473933],"jump":[48000,528.0045351473888],"kick":[50000,528.0045351473888],"kiss":[52000,576.0090702947878],"knock":[54000,576.0090702947878],"laugh":[56000,600.0000000000014],"lead":[58000,552.018140589567],"learn":[60000,600.0000000000014],"leave":[62000,600.0000000000014],"lie":[64000,576.0090702947878],"like":[66000,552.018140589567],"live":[68000,624.0136054421725],"love":[70000,624.0136054421725],"marry":[72000,624.0136054421725],"meet":[74000,528.0045351473888],"paint":[76000,552.018140589567],"pass":[78000,599.9999999999943],"pick":[80000,504.0136054421822],"play":[82000,528.0045351473888],"prepare":[84000,719.9999999999989],"promise":[86000,624.0136054421725],"read":[88000,576.0090702947878],"remember":[90000,648.0045351473933],"report":[92000,599.9999999999943],"run":[94000,599.9999999999943],"save":[96000,624.0136054421725],"say":[98000,648.0045351473933],"sell":[100000,624.0136054421725],"send":[102000,576.0090702947878],"shake":[104000,599.9999999999943],"share":[106000,599.9999999999943],"show":[108000,624.0136054421725],"sleep":[110000,624.0136054421725],"smile":[112000,696.0090702947781],"stand":[114000,696.0090702947781],"study":[116000,648.0045351473933],"swim":[118000,648.0045351473933],"talk":[120000,552.018140589567],"teach":[122000,552.018140589567],"tell":[124000,528.0045351473888],"thank":[126000,528.0045351473888],"think":[128000,528.004535147403],"throw":[130000,599.9999999999943],"touch":[132000,552.0181405895812],"trip":[134000,528.004535147403],"try":[136000,599.9999999999943],"understand":[138000,864.0136054421816],"use":[140000,599.9999999999943],"wait":[142000,456.0090702947832],"walk":[144000,576.0090702947878],"wash":[146000,599.9999999999943],"watch":[148000,576.0090702947878],"win":[150000,576.0090702947878],"work":[152000,552.0181405895812],"write":[154000,552.0181405895812]}}