{"urls":["/Users/matsumotoarata/git/ME/WORK/Cycles/OrdinaryLife/public/static/speeches/Kimberly/sprite/data.mp3","/Users/matsumotoarata/git/ME/WORK/Cycles/OrdinaryLife/public/static/speeches/Kimberly/sprite/data.wav"],"sprite":{"awake":[0,720],"believe":[2000,839.9999999999999],"born":[4000,744.0136054421771],"buy":[6000,719.9999999999998],"care":[8000,648.0045351473915],"cook":[10000,552.0181405895688],"cough":[12000,696.0090702947853],"cry":[14000,720.0000000000007],"dance":[16000,816.0090702947862],"die":[18000,768.0045351473907],"draw":[20000,719.9999999999989],"drink":[22000,648.0045351473933],"drive":[24000,792.0181405895689],"eat":[26000,552.0181405895705],"enjoy":[28000,912.01814058957],"explain":[30000,1079.9999999999982],"fall":[33000,719.9999999999989],"feel":[35000,719.9999999999989],"find":[37000,792.0181405895689],"follow":[39000,792.0181405895689],"help":[41000,552.018140589567],"introduce":[43000,1032.018140589571],"invite":[46000,792.0181405895689],"jump":[48000,648.0045351473933],"kick":[50000,528.0045351473888],"kiss":[52000,696.0090702947853],"knock":[54000,600.0000000000014],"laugh":[56000,719.9999999999989],"lead":[58000,648.0045351473933],"learn":[60000,719.9999999999989],"leave":[62000,792.0181405895689],"lie":[64000,672.0181405895715],"like":[66000,599.9999999999943],"live":[68000,744.0136054421771],"love":[70000,696.0090702947781],"marry":[72000,719.9999999999989],"meet":[74000,576.0090702947878],"paint":[76000,648.0045351473933],"pass":[78000,719.9999999999989],"pick":[80000,552.018140589567],"play":[82000,648.0045351473933],"prepare":[84000,840.0000000000034],"promise":[86000,792.0181405895761],"read":[88000,719.9999999999989],"remember":[90000,840.0000000000034],"report":[92000,792.0181405895761],"run":[94000,672.0181405895715],"save":[96000,792.0181405895761],"say":[98000,719.9999999999989],"sell":[100000,672.0181405895715],"send":[102000,719.9999999999989],"shake":[104000,696.0090702947781],"share":[106000,768.0045351473979],"show":[108000,719.9999999999989],"sleep":[110000,719.9999999999989],"smile":[112000,888.0045351473882],"stand":[114000,840.0000000000034],"study":[116000,719.9999999999989],"swim":[118000,744.0136054421771],"talk":[120000,599.9999999999943],"teach":[122000,719.9999999999989],"tell":[124000,648.0045351473933],"thank":[126000,599.9999999999943],"think":[128000,552.0181405895812],"throw":[130000,672.0181405895573],"touch":[132000,648.0045351473791],"trip":[134000,599.9999999999943],"try":[136000,719.9999999999989],"understand":[138000,1056.0090702947775],"use":[141000,816.0090702947969],"wait":[143000,599.9999999999943],"walk":[145000,599.9999999999943],"wash":[147000,768.0045351473836],"watch":[149000,744.0136054421771],"win":[151000,672.0181405895573],"work":[153000,624.0136054421725],"write":[155000,624.0136054421725]}}