{"urls":["/Users/matsumotoarata/git/ME/WORK/Cycles/OrdinaryLife/public/static/speeches/Kimberly/sprite/data.mp3","/Users/matsumotoarata/git/ME/WORK/Cycles/OrdinaryLife/public/static/speeches/Kimberly/sprite/data.wav"],"sprite":{"awake":[0,720],"believe":[2000,839.9999999999999],"born":[4000,744.0136054421771],"buy":[6000,719.9999999999998],"care":[8000,648.0045351473915],"collect":[10000,744.0136054421771],"cook":[12000,552.0181405895688],"cry":[14000,720.0000000000007],"dance":[16000,816.0090702947862],"die":[18000,768.0045351473907],"draw":[20000,719.9999999999989],"drink":[22000,648.0045351473933],"drive":[24000,792.0181405895689],"eat":[26000,552.0181405895705],"enjoy":[28000,912.01814058957],"explain":[30000,1079.9999999999982],"fall":[33000,719.9999999999989],"feel":[35000,719.9999999999989],"find":[37000,792.0181405895689],"follow":[39000,792.0181405895689],"help":[41000,552.018140589567],"introduce":[43000,1032.018140589571],"invite":[46000,792.0181405895689],"jump":[48000,648.0045351473933],"kick":[50000,528.0045351473888],"kiss":[52000,696.0090702947853],"knock":[54000,600.0000000000014],"laugh":[56000,719.9999999999989],"lead":[58000,648.0045351473933],"learn":[60000,719.9999999999989],"lie":[62000,672.0181405895715],"like":[64000,599.9999999999943],"live":[66000,744.0136054421771],"meet":[68000,576.0090702947878],"paint":[70000,648.0045351473933],"pass":[72000,719.9999999999989],"pick":[74000,552.018140589567],"play":[76000,648.0045351473933],"prepare":[78000,840.0000000000034],"promise":[80000,792.0181405895761],"read":[82000,719.9999999999989],"remember":[84000,840.0000000000034],"report":[86000,792.0181405895761],"run":[88000,672.0181405895715],"save":[90000,792.0181405895761],"say":[92000,719.9999999999989],"sell":[94000,672.0181405895715],"send":[96000,719.9999999999989],"shake":[98000,696.0090702947781],"share":[100000,768.0045351473979],"show":[102000,719.9999999999989],"sleep":[104000,719.9999999999989],"smile":[106000,888.0045351473882],"stand":[108000,840.0000000000034],"study":[110000,719.9999999999989],"swim":[112000,744.0136054421771],"talk":[114000,599.9999999999943],"teach":[116000,719.9999999999989],"tell":[118000,648.0045351473933],"thank":[120000,599.9999999999943],"think":[122000,552.018140589567],"throw":[124000,672.0181405895715],"touch":[126000,648.0045351473933],"trip":[128000,599.9999999999943],"try":[130000,719.9999999999989],"understand":[132000,1056.0090702947775],"use":[135000,816.0090702947969],"wait":[137000,599.9999999999943],"walk":[139000,599.9999999999943],"wash":[141000,768.0045351473836],"watch":[143000,744.0136054421771],"win":[145000,672.0181405895573],"work":[147000,624.0136054421725],"write":[149000,624.0136054421725]}}