{"urls":["/Users/matsumotoarata/git/ME/WORK/Cycles/OrdinaryLife/public/static/speeches/Kimberly/sprite/data.mp3","/Users/matsumotoarata/git/ME/WORK/Cycles/OrdinaryLife/public/static/speeches/Kimberly/sprite/data.wav"],"sprite":{"awake":[0,720],"believe":[2000,839.9999999999999],"born":[4000,744.0136054421771],"buy":[6000,719.9999999999998],"care":[8000,648.0045351473915],"collect":[10000,744.0136054421771],"cook":[12000,552.0181405895688],"cough":[14000,696.0090702947853],"cry":[16000,719.9999999999989],"dance":[18000,816.0090702947862],"die":[20000,768.0045351473907],"draw":[22000,719.9999999999989],"drink":[24000,648.0045351473933],"drive":[26000,792.0181405895689],"eat":[28000,552.0181405895705],"enjoy":[30000,912.01814058957],"explain":[32000,1079.9999999999982],"fall":[35000,719.9999999999989],"feel":[37000,719.9999999999989],"find":[39000,792.0181405895689],"follow":[41000,792.0181405895689],"help":[43000,552.018140589567],"introduce":[45000,1032.018140589571],"invite":[48000,792.0181405895689],"jump":[50000,648.0045351473933],"kick":[52000,528.0045351473888],"kiss":[54000,696.0090702947853],"knock":[56000,600.0000000000014],"laugh":[58000,719.9999999999989],"lead":[60000,648.0045351473933],"learn":[62000,719.9999999999989],"leave":[64000,792.0181405895761],"lie":[66000,672.0181405895715],"like":[68000,599.9999999999943],"live":[70000,744.0136054421771],"love":[72000,696.0090702947781],"marry":[74000,719.9999999999989],"meet":[76000,576.0090702947878],"paint":[78000,648.0045351473933],"pass":[80000,719.9999999999989],"pick":[82000,552.018140589567],"play":[84000,648.0045351473933],"prepare":[86000,840.0000000000034],"promise":[88000,792.0181405895761],"read":[90000,719.9999999999989],"remember":[92000,840.0000000000034],"report":[94000,792.0181405895761],"run":[96000,672.0181405895715],"save":[98000,792.0181405895761],"say":[100000,719.9999999999989],"sell":[102000,672.0181405895715],"send":[104000,719.9999999999989],"shake":[106000,696.0090702947781],"share":[108000,768.0045351473979],"show":[110000,719.9999999999989],"sleep":[112000,719.9999999999989],"smile":[114000,888.0045351473882],"stand":[116000,840.0000000000034],"study":[118000,719.9999999999989],"swim":[120000,744.0136054421771],"talk":[122000,599.9999999999943],"teach":[124000,719.9999999999989],"tell":[126000,648.0045351473933],"thank":[128000,599.9999999999943],"think":[130000,552.0181405895812],"throw":[132000,672.0181405895573],"touch":[134000,648.0045351473791],"trip":[136000,599.9999999999943],"try":[138000,719.9999999999989],"understand":[140000,1056.0090702947775],"use":[143000,816.0090702947969],"wait":[145000,599.9999999999943],"walk":[147000,599.9999999999943],"wash":[149000,768.0045351473836],"watch":[151000,744.0136054421771],"win":[153000,672.0181405895573],"work":[155000,624.0136054421725],"write":[157000,624.0136054421725]}}