{"urls":["/Users/matsumotoarata/git/ME/WORK/Cycles/OrdinaryLife/public/static/speeches/Kimberly/sprite/data.mp3","/Users/matsumotoarata/git/ME/WORK/Cycles/OrdinaryLife/public/static/speeches/Kimberly/sprite/data.wav"],"sprite":{"awake":[0,720],"believe":[2000,839.9999999999999],"care":[4000,648.0045351473924],"collect":[6000,744.0136054421771],"dance":[8000,816.0090702947845],"drink":[10000,648.0045351473915],"drive":[12000,792.0181405895689],"eat":[14000,552.0181405895688],"fall":[16000,719.9999999999989],"kick":[18000,528.0045351473923],"lead":[20000,648.0045351473933],"pick":[22000,552.0181405895705],"promise":[24000,792.0181405895689],"remember":[26000,839.9999999999999],"run":[28000,672.018140589568],"shake":[30000,696.0090702947853],"sleep":[32000,719.9999999999989],"swim":[34000,744.0136054421771],"tell":[36000,648.0045351473933],"thank":[38000,600.0000000000014],"think":[40000,552.018140589567],"touch":[42000,648.0045351473933],"wash":[44000,768.0045351473907],"watch":[46000,744.0136054421771],"write":[48000,624.0136054421796]}}