{"urls":["/Users/matsumotoarata/git/ME/WORK/Cycles/OrdinaryLife/public/static/speeches/Salli/sprite/data.mp3","/Users/matsumotoarata/git/ME/WORK/Cycles/OrdinaryLife/public/static/speeches/Salli/sprite/data.wav"],"sprite":{"awake":[0,744.0136054421769],"believe":[2000,792.0181405895689],"born":[4000,648.0045351473924],"buy":[6000,624.013605442177],"care":[8000,648.0045351473915],"collect":[10000,792.0181405895689],"cook":[12000,599.9999999999997],"cough":[14000,696.0090702947853],"cry":[16000,696.0090702947853],"dance":[18000,719.9999999999989],"die":[20000,624.0136054421761],"draw":[22000,648.0045351473933],"drink":[24000,648.0045351473933],"drive":[26000,768.0045351473907],"eat":[28000,600.0000000000014],"enjoy":[30000,864.0136054421781],"explain":[32000,864.0136054421746],"fall":[34000,648.0045351473933],"feel":[36000,600.0000000000014],"find":[38000,648.0045351473933],"follow":[40000,816.0090702947826],"help":[42000,624.0136054421796],"introduce":[44000,1056.0090702947846],"invite":[47000,816.0090702947826],"jump":[49000,600.0000000000014],"kick":[51000,648.0045351473933],"kiss":[53000,696.0090702947853],"knock":[55000,719.9999999999989],"laugh":[57000,719.9999999999989],"lead":[59000,672.0181405895715],"learn":[61000,648.0045351473933],"leave":[63000,719.9999999999989],"lie":[65000,696.0090702947781],"like":[67000,719.9999999999989],"live":[69000,792.0181405895761],"love":[71000,719.9999999999989],"marry":[73000,744.0136054421771],"meet":[75000,696.0090702947781],"paint":[77000,696.0090702947781],"pass":[79000,719.9999999999989],"pick":[81000,599.9999999999943],"play":[83000,648.0045351473933],"prepare":[85000,792.0181405895761],"promise":[87000,840.0000000000034],"read":[89000,672.0181405895715],"remember":[91000,792.0181405895761],"report":[93000,792.0181405895761],"run":[95000,648.0045351473933],"save":[97000,792.0181405895761],"say":[99000,719.9999999999989],"sell":[101000,744.0136054421771],"send":[103000,768.0045351473979],"shake":[105000,719.9999999999989],"share":[107000,719.9999999999989],"show":[109000,719.9999999999989],"sleep":[111000,768.0045351473979],"smile":[113000,816.0090702947826],"stand":[115000,792.0181405895761],"study":[117000,768.0045351473979],"swim":[119000,816.0090702947826],"talk":[121000,648.0045351473933],"teach":[123000,792.0181405895761],"tell":[125000,624.0136054421725],"thank":[127000,624.0136054421725],"think":[129000,599.9999999999943],"throw":[131000,599.9999999999943],"touch":[133000,744.0136054421771],"trip":[135000,624.0136054421725],"try":[137000,696.0090702947923],"understand":[139000,1032.018140589571],"use":[142000,744.0136054421771],"wait":[144000,696.0090702947923],"walk":[146000,719.9999999999989],"wash":[148000,792.0181405895619],"watch":[150000,792.0181405895619],"win":[152000,624.0136054421725],"work":[154000,648.0045351473791],"write":[156000,719.9999999999989]}}