{"urls":["/Users/matsumotoarata/git/ME/WORK/Cycles/OrdinaryLife/public/static/speeches/Salli/sprite/data.mp3","/Users/matsumotoarata/git/ME/WORK/Cycles/OrdinaryLife/public/static/speeches/Salli/sprite/data.wav"],"sprite":{"cook":[0,600],"drive":[2000,768.0045351473925],"enjoy":[4000,864.0136054421772],"fall":[6000,648.0045351473924],"find":[8000,648.0045351473915],"follow":[10000,816.0090702947845],"kiss":[12000,696.0090702947853],"lead":[14000,672.0181405895697],"learn":[16000,648.0045351473933],"lie":[18000,696.0090702947853],"like":[20000,719.9999999999989],"live":[22000,792.0181405895689],"meet":[24000,696.0090702947853],"prepare":[26000,792.0181405895689],"promise":[28000,839.9999999999999],"read":[30000,672.018140589568],"remember":[32000,792.0181405895689],"report":[34000,792.0181405895689],"say":[36000,719.9999999999989],"share":[38000,719.9999999999989],"smile":[40000,816.0090702947826],"stand":[42000,792.0181405895689],"swim":[44000,816.0090702947826],"tell":[46000,624.0136054421796],"thank":[48000,624.0136054421796],"try":[50000,696.0090702947853],"understand":[52000,1032.018140589571],"wait":[55000,696.0090702947853],"wash":[57000,792.0181405895689],"win":[59000,624.0136054421796]}}