{"urls":["/Users/matsumotoarata/git/ME/WORK/Cycles/OrdinaryLife/public/static/speeches/Salli/sprite/data.mp3","/Users/matsumotoarata/git/ME/WORK/Cycles/OrdinaryLife/public/static/speeches/Salli/sprite/data.wav"],"sprite":{"awake":[0,744.0136054421769],"believe":[2000,792.0181405895689],"born":[4000,648.0045351473924],"buy":[6000,624.013605442177],"care":[8000,648.0045351473915],"collect":[10000,792.0181405895689],"cook":[12000,599.9999999999997],"cough":[14000,696.0090702947853],"cry":[16000,696.0090702947853],"dance":[18000,719.9999999999989],"die":[20000,624.0136054421761],"draw":[22000,648.0045351473933],"drink":[24000,648.0045351473933],"drive":[26000,768.0045351473907],"eat":[28000,600.0000000000014],"enjoy":[30000,864.0136054421781],"explain":[32000,864.0136054421746],"fall":[34000,648.0045351473933],"feel":[36000,600.0000000000014],"find":[38000,648.0045351473933],"follow":[40000,816.0090702947826],"help":[42000,624.0136054421796],"introduce":[44000,1056.0090702947846],"invite":[47000,816.0090702947826],"jump":[49000,600.0000000000014],"kiss":[51000,696.0090702947853],"knock":[53000,719.9999999999989],"laugh":[55000,719.9999999999989],"lead":[57000,672.0181405895715],"learn":[59000,648.0045351473933],"leave":[61000,719.9999999999989],"lie":[63000,696.0090702947853],"like":[65000,719.9999999999989],"live":[67000,792.0181405895761],"marry":[69000,744.0136054421771],"meet":[71000,696.0090702947781],"paint":[73000,696.0090702947781],"pass":[75000,719.9999999999989],"pick":[77000,599.9999999999943],"play":[79000,648.0045351473933],"prepare":[81000,792.0181405895761],"promise":[83000,840.0000000000034],"read":[85000,672.0181405895715],"remember":[87000,792.0181405895761],"report":[89000,792.0181405895761],"run":[91000,648.0045351473933],"say":[93000,719.9999999999989],"sell":[95000,744.0136054421771],"send":[97000,768.0045351473979],"shake":[99000,719.9999999999989],"share":[101000,719.9999999999989],"show":[103000,719.9999999999989],"sleep":[105000,768.0045351473979],"smile":[107000,816.0090702947826],"stand":[109000,792.0181405895761],"study":[111000,768.0045351473979],"swim":[113000,816.0090702947826],"talk":[115000,648.0045351473933],"teach":[117000,792.0181405895761],"tell":[119000,624.0136054421725],"thank":[121000,624.0136054421725],"think":[123000,599.9999999999943],"throw":[125000,599.9999999999943],"trip":[127000,624.0136054421725],"try":[129000,696.0090702947923],"understand":[131000,1032.018140589571],"use":[134000,744.0136054421771],"wait":[136000,696.0090702947923],"walk":[138000,719.9999999999989],"wash":[140000,792.0181405895619],"watch":[142000,792.0181405895619],"win":[144000,624.0136054421725],"work":[146000,648.0045351473791],"write":[148000,719.9999999999989]}}