{"urls":["/Users/matsumotoarata/git/ME/WORK/Cycles/OrdinaryLife/public/static/speeches/Kevin/sprite/data.mp3","/Users/matsumotoarata/git/ME/WORK/Cycles/OrdinaryLife/public/static/speeches/Kevin/sprite/data.wav"],"sprite":{"awake":[0,720],"believe":[2000,816.0090702947845],"born":[4000,648.0045351473924],"buy":[6000,576.0090702947842],"care":[8000,624.0136054421761],"collect":[10000,768.0045351473925],"cook":[12000,576.0090702947842],"cough":[14000,648.0045351473915],"cry":[16000,600.0000000000014],"dance":[18000,768.0045351473907],"die":[20000,576.0090702947842],"draw":[22000,600.0000000000014],"drink":[24000,744.0136054421771],"drive":[26000,744.0136054421771],"eat":[28000,528.0045351473923],"enjoy":[30000,719.9999999999989],"explain":[32000,912.0181405895664],"fall":[34000,719.9999999999989],"feel":[36000,719.9999999999989],"find":[38000,792.0181405895689],"follow":[40000,792.0181405895689],"help":[42000,624.0136054421796],"introduce":[44000,1008.0045351473927],"invite":[47000,719.9999999999989],"jump":[49000,600.0000000000014],"kick":[51000,600.0000000000014],"kiss":[53000,696.0090702947853],"knock":[55000,672.0181405895715],"laugh":[57000,744.0136054421771],"lead":[59000,600.0000000000014],"learn":[61000,648.0045351473933],"leave":[63000,672.0181405895715],"lie":[65000,624.0136054421725],"like":[67000,648.0045351473933],"live":[69000,816.0090702947826],"love":[71000,696.0090702947781],"marry":[73000,672.0181405895715],"meet":[75000,576.0090702947878],"paint":[77000,624.0136054421725],"pass":[79000,696.0090702947781],"pick":[81000,599.9999999999943],"play":[83000,624.0136054421725],"prepare":[85000,719.9999999999989],"promise":[87000,912.0181405895664],"read":[89000,648.0045351473933],"remember":[91000,840.0000000000034],"report":[93000,744.0136054421771],"run":[95000,648.0045351473933],"save":[97000,744.0136054421771],"say":[99000,624.0136054421725],"sell":[101000,648.0045351473933],"send":[103000,719.9999999999989],"shake":[105000,696.0090702947781],"share":[107000,648.0045351473933],"show":[109000,599.9999999999943],"sleep":[111000,768.0045351473979],"smile":[113000,816.0090702947826],"stand":[115000,816.0090702947826],"study":[117000,792.0181405895761],"swim":[119000,744.0136054421771],"talk":[121000,599.9999999999943],"teach":[123000,696.0090702947781],"tell":[125000,576.0090702947878],"thank":[127000,696.0090702947781],"think":[129000,624.0136054421725],"throw":[131000,599.9999999999943],"touch":[133000,696.0090702947923],"trip":[135000,624.0136054421725],"try":[137000,648.0045351473791],"understand":[139000,984.0136054421862],"use":[141000,768.0045351473836],"wait":[143000,552.0181405895812],"walk":[145000,599.9999999999943],"wash":[147000,768.0045351473836],"watch":[149000,719.9999999999989],"win":[151000,599.9999999999943],"work":[153000,624.0136054421725],"write":[155000,552.0181405895812]}}