{"urls":["/Users/matsumotoarata/git/ME/WORK/Cycles/OrdinaryLife/public/static/speeches/Kevin/sprite/data.ogg","/Users/matsumotoarata/git/ME/WORK/Cycles/OrdinaryLife/public/static/speeches/Kevin/sprite/data.m4a","/Users/matsumotoarata/git/ME/WORK/Cycles/OrdinaryLife/public/static/speeches/Kevin/sprite/data.mp3","/Users/matsumotoarata/git/ME/WORK/Cycles/OrdinaryLife/public/static/speeches/Kevin/sprite/data.ac3"],"sprite":{"believe":[0,816.0090702947846],"care":[2000,624.013605442177],"cook":[4000,576.0090702947842],"dance":[6000,768.0045351473925],"eat":[8000,528.0045351473923],"fall":[10000,720.0000000000007],"jump":[12000,599.9999999999997],"kick":[14000,599.9999999999997],"kiss":[16000,696.0090702947853],"leave":[18000,672.018140589568],"lie":[20000,624.0136054421761],"live":[22000,816.0090702947862],"pass":[24000,696.0090702947853],"remember":[26000,839.9999999999999],"run":[28000,648.0045351473933],"save":[30000,744.0136054421771],"say":[32000,624.0136054421796],"tell":[34000,576.0090702947878],"use":[36000,768.0045351473907]}}