{"urls":["/Users/matsumotoarata/git/ME/WORK/Cycles/OrdinaryLife/public/static/speeches/Kevin/sprite/data.mp3","/Users/matsumotoarata/git/ME/WORK/Cycles/OrdinaryLife/public/static/speeches/Kevin/sprite/data.wav"],"sprite":{"awake":[0,720],"believe":[2000,816.0090702947845],"born":[4000,648.0045351473924],"buy":[6000,576.0090702947842],"care":[8000,624.0136054421761],"cook":[10000,576.0090702947842],"cough":[12000,648.0045351473915],"dance":[14000,768.0045351473925],"draw":[16000,600.0000000000014],"drink":[18000,744.0136054421771],"drive":[20000,744.0136054421771],"eat":[22000,528.0045351473923],"fall":[24000,719.9999999999989],"feel":[26000,719.9999999999989],"find":[28000,792.0181405895689],"follow":[30000,792.0181405895689],"help":[32000,624.0136054421796],"introduce":[34000,1008.0045351473927],"invite":[37000,719.9999999999989],"jump":[39000,600.0000000000014],"kick":[41000,600.0000000000014],"kiss":[43000,696.0090702947853],"laugh":[45000,744.0136054421771],"leave":[47000,672.0181405895715],"lie":[49000,624.0136054421796],"live":[51000,816.0090702947826],"love":[53000,696.0090702947853],"pass":[55000,696.0090702947853],"play":[57000,624.0136054421796],"prepare":[59000,719.9999999999989],"remember":[61000,840.0000000000034],"report":[63000,744.0136054421771],"run":[65000,648.0045351473933],"save":[67000,744.0136054421771],"say":[69000,624.0136054421725],"sell":[71000,648.0045351473933],"send":[73000,719.9999999999989],"shake":[75000,696.0090702947781],"sleep":[77000,768.0045351473979],"smile":[79000,816.0090702947826],"study":[81000,792.0181405895761],"teach":[83000,696.0090702947781],"tell":[85000,576.0090702947878],"thank":[87000,696.0090702947781],"throw":[89000,599.9999999999943],"try":[91000,648.0045351473933],"use":[93000,768.0045351473979],"wait":[95000,552.018140589567],"walk":[97000,599.9999999999943],"watch":[99000,719.9999999999989],"win":[101000,599.9999999999943],"write":[103000,552.018140589567]}}