{"urls":["/Users/matsumotoarata/git/ME/WORK/Cycles/OrdinaryLife/public/static/speeches/Joey/sprite/data.ogg","/Users/matsumotoarata/git/ME/WORK/Cycles/OrdinaryLife/public/static/speeches/Joey/sprite/data.m4a","/Users/matsumotoarata/git/ME/WORK/Cycles/OrdinaryLife/public/static/speeches/Joey/sprite/data.mp3","/Users/matsumotoarata/git/ME/WORK/Cycles/OrdinaryLife/public/static/speeches/Joey/sprite/data.ac3"],"sprite":{"awake":[0,792.0181405895692],"care":[2000,624.013605442177],"collect":[4000,744.0136054421771],"dance":[6000,888.0045351473926],"drink":[8000,744.0136054421771],"eat":[10000,599.9999999999997],"explain":[12000,816.0090702947845],"feel":[14000,744.0136054421771],"find":[16000,792.0181405895689],"follow":[18000,792.0181405895689],"introduce":[20000,1008.0045351473927],"jump":[23000,624.0136054421761],"kick":[25000,600.0000000000014],"kiss":[27000,648.0045351473933],"knock":[29000,719.9999999999989],"like":[31000,648.0045351473933],"meet":[33000,648.0045351473933],"play":[35000,624.0136054421796],"remember":[37000,840.0000000000034],"save":[39000,768.0045351473907],"shake":[41000,744.0136054421771],"show":[43000,696.0090702947853],"sleep":[45000,744.0136054421771],"smile":[47000,912.0181405895664],"talk":[49000,648.0045351473933],"throw":[51000,744.0136054421771],"touch":[53000,648.0045351473933],"win":[55000,600.0000000000014],"work":[57000,648.0045351473933]}}