{"urls":["/Users/matsumotoarata/git/ME/WORK/Cycles/OrdinaryLife/public/static/speeches/Joey/sprite/data.mp3","/Users/matsumotoarata/git/ME/WORK/Cycles/OrdinaryLife/public/static/speeches/Joey/sprite/data.wav"],"sprite":{"awake":[0,792.0181405895692],"believe":[2000,888.0045351473922],"buy":[4000,719.9999999999998],"care":[6000,624.013605442177],"collect":[8000,744.0136054421771],"cook":[10000,576.0090702947842],"dance":[12000,888.0045351473917],"die":[14000,720.0000000000007],"draw":[16000,792.0181405895689],"drink":[18000,744.0136054421771],"drive":[20000,816.0090702947862],"eat":[22000,600.0000000000014],"enjoy":[24000,864.0136054421781],"explain":[26000,816.0090702947862],"fall":[28000,744.0136054421771],"feel":[30000,744.0136054421771],"find":[32000,792.0181405895689],"follow":[34000,792.0181405895689],"help":[36000,624.0136054421796],"introduce":[38000,1008.0045351473927],"jump":[41000,624.0136054421796],"kick":[43000,600.0000000000014],"kiss":[45000,648.0045351473933],"knock":[47000,719.9999999999989],"laugh":[49000,744.0136054421771],"lead":[51000,696.0090702947853],"learn":[53000,648.0045351473933],"leave":[55000,719.9999999999989],"lie":[57000,696.0090702947853],"like":[59000,648.0045351473933],"live":[61000,719.9999999999989],"love":[63000,768.0045351473907],"marry":[65000,768.0045351473979],"meet":[67000,648.0045351473933],"paint":[69000,719.9999999999989],"pass":[71000,719.9999999999989],"pick":[73000,599.9999999999943],"play":[75000,624.0136054421725],"prepare":[77000,792.0181405895761],"promise":[79000,816.0090702947826],"read":[81000,719.9999999999989],"remember":[83000,840.0000000000034],"report":[85000,792.0181405895761],"run":[87000,624.0136054421725],"save":[89000,768.0045351473979],"say":[91000,696.0090702947781],"sell":[93000,672.0181405895715],"send":[95000,792.0181405895761],"shake":[97000,744.0136054421771],"share":[99000,744.0136054421771],"show":[101000,696.0090702947781],"sleep":[103000,744.0136054421771],"smile":[105000,912.0181405895664],"study":[107000,792.0181405895761],"swim":[109000,744.0136054421771],"talk":[111000,648.0045351473933],"teach":[113000,792.0181405895761],"tell":[115000,599.9999999999943],"think":[117000,648.0045351473933],"throw":[119000,744.0136054421771],"touch":[121000,648.0045351473933],"trip":[123000,599.9999999999943],"try":[125000,744.0136054421771],"understand":[127000,1056.0090702947775],"use":[130000,744.0136054421771],"wait":[132000,648.0045351473791],"walk":[134000,696.0090702947923],"wash":[136000,744.0136054421771],"watch":[138000,744.0136054421771],"win":[140000,599.9999999999943],"work":[142000,648.0045351473791],"write":[144000,648.0045351473791]}}