{"urls":["/Users/matsumotoarata/git/ME/WORK/Cycles/OrdinaryLife/public/static/speeches/Joey/sprite/data.mp3","/Users/matsumotoarata/git/ME/WORK/Cycles/OrdinaryLife/public/static/speeches/Joey/sprite/data.wav"],"sprite":{"awake":[0,792.0181405895692],"believe":[2000,888.0045351473922],"born":[4000,719.9999999999998],"buy":[6000,719.9999999999998],"care":[8000,624.0136054421761],"collect":[10000,744.0136054421771],"cook":[12000,576.0090702947842],"cough":[14000,672.0181405895697],"cry":[16000,648.0045351473933],"dance":[18000,888.0045351473917],"die":[20000,719.9999999999989],"draw":[22000,792.0181405895689],"drink":[24000,744.0136054421771],"drive":[26000,816.0090702947862],"eat":[28000,600.0000000000014],"enjoy":[30000,864.0136054421781],"explain":[32000,816.0090702947826],"fall":[34000,744.0136054421771],"feel":[36000,744.0136054421771],"find":[38000,792.0181405895689],"follow":[40000,792.0181405895689],"help":[42000,624.0136054421796],"introduce":[44000,1008.0045351473927],"invite":[47000,792.0181405895689],"jump":[49000,624.0136054421796],"kick":[51000,600.0000000000014],"kiss":[53000,648.0045351473933],"knock":[55000,719.9999999999989],"laugh":[57000,744.0136054421771],"lead":[59000,696.0090702947853],"learn":[61000,648.0045351473933],"leave":[63000,719.9999999999989],"lie":[65000,696.0090702947781],"like":[67000,648.0045351473933],"live":[69000,719.9999999999989],"love":[71000,768.0045351473979],"marry":[73000,768.0045351473979],"meet":[75000,648.0045351473933],"paint":[77000,719.9999999999989],"pass":[79000,719.9999999999989],"pick":[81000,599.9999999999943],"play":[83000,624.0136054421725],"prepare":[85000,792.0181405895761],"promise":[87000,816.0090702947826],"read":[89000,719.9999999999989],"remember":[91000,840.0000000000034],"report":[93000,792.0181405895761],"run":[95000,624.0136054421725],"save":[97000,768.0045351473979],"say":[99000,696.0090702947781],"sell":[101000,672.0181405895715],"send":[103000,792.0181405895761],"shake":[105000,744.0136054421771],"share":[107000,744.0136054421771],"show":[109000,696.0090702947781],"sleep":[111000,744.0136054421771],"smile":[113000,912.0181405895664],"stand":[115000,840.0000000000034],"study":[117000,792.0181405895761],"swim":[119000,744.0136054421771],"talk":[121000,648.0045351473933],"teach":[123000,792.0181405895761],"tell":[125000,599.9999999999943],"thank":[127000,719.9999999999989],"think":[129000,648.0045351473791],"throw":[131000,744.0136054421771],"touch":[133000,648.0045351473791],"trip":[135000,599.9999999999943],"try":[137000,744.0136054421771],"understand":[139000,1056.0090702947775],"use":[142000,744.0136054421771],"wait":[144000,648.0045351473791],"walk":[146000,696.0090702947923],"wash":[148000,744.0136054421771],"watch":[150000,744.0136054421771],"win":[152000,599.9999999999943],"work":[154000,648.0045351473791],"write":[156000,648.0045351473791]}}