{"urls":["/Users/matsumotoarata/git/ME/WORK/Cycles/OrdinaryLife/public/static/speeches/Joanna/sprite/data.mp3","/Users/matsumotoarata/git/ME/WORK/Cycles/OrdinaryLife/public/static/speeches/Joanna/sprite/data.wav"],"sprite":{"awake":[0,768.0045351473923],"believe":[2000,744.0136054421771],"born":[4000,648.0045351473924],"buy":[6000,792.0181405895689],"care":[8000,672.0181405895697],"collect":[10000,720.0000000000007],"cook":[12000,624.0136054421761],"cough":[14000,720.0000000000007],"cry":[16000,744.0136054421771],"dance":[18000,744.0136054421771],"die":[20000,719.9999999999989],"draw":[22000,624.0136054421761],"drink":[24000,648.0045351473933],"drive":[26000,719.9999999999989],"eat":[28000,600.0000000000014],"enjoy":[30000,792.0181405895689],"explain":[32000,984.0136054421791],"fall":[34000,624.0136054421796],"feel":[36000,672.0181405895715],"find":[38000,672.0181405895715],"follow":[40000,744.0136054421771],"help":[42000,864.0136054421746],"introduce":[44000,984.0136054421791],"invite":[46000,792.0181405895689],"jump":[48000,648.0045351473933],"kick":[50000,864.0136054421746],"kiss":[52000,696.0090702947853],"knock":[54000,744.0136054421771],"laugh":[56000,768.0045351473907],"lead":[58000,672.0181405895715],"learn":[60000,672.0181405895715],"leave":[62000,696.0090702947853],"lie":[64000,719.9999999999989],"like":[66000,672.0181405895715],"live":[68000,744.0136054421771],"love":[70000,696.0090702947781],"marry":[72000,744.0136054421771],"meet":[74000,672.0181405895715],"paint":[76000,648.0045351473933],"pass":[78000,744.0136054421771],"pick":[80000,624.0136054421725],"play":[82000,672.0181405895715],"prepare":[84000,792.0181405895761],"promise":[86000,864.0136054421816],"read":[88000,648.0045351473933],"remember":[90000,792.0181405895761],"report":[92000,912.0181405895664],"run":[94000,719.9999999999989],"save":[96000,792.0181405895761],"say":[98000,719.9999999999989],"sell":[100000,768.0045351473979],"send":[102000,768.0045351473979],"shake":[104000,719.9999999999989],"share":[106000,936.0090702947872],"show":[108000,696.0090702947781],"sleep":[110000,719.9999999999989],"smile":[112000,816.0090702947826],"stand":[114000,840.0000000000034],"study":[116000,816.0090702947826],"swim":[118000,768.0045351473979],"talk":[120000,672.0181405895715],"teach":[122000,648.0045351473933],"tell":[124000,624.0136054421725],"thank":[126000,648.0045351473933],"think":[128000,599.9999999999943],"throw":[130000,672.0181405895573],"touch":[132000,719.9999999999989],"trip":[134000,648.0045351473791],"try":[136000,719.9999999999989],"understand":[138000,1032.018140589571],"use":[141000,792.0181405895619],"wait":[143000,744.0136054421771],"walk":[145000,719.9999999999989],"wash":[147000,816.0090702947969],"watch":[149000,768.0045351473836],"win":[151000,696.0090702947923],"work":[153000,864.0136054421816],"write":[155000,719.9999999999989]}}