{"urls":["/Users/matsumotoarata/git/ME/WORK/Cycles/OrdinaryLife/public/static/speeches/Joanna/sprite/data.mp3","/Users/matsumotoarata/git/ME/WORK/Cycles/OrdinaryLife/public/static/speeches/Joanna/sprite/data.wav"],"sprite":{"believe":[0,744.0136054421769],"buy":[2000,792.0181405895689],"cook":[4000,624.013605442177],"drink":[6000,648.0045351473924],"eat":[8000,599.9999999999997],"explain":[10000,984.0136054421773],"find":[12000,672.0181405895697],"introduce":[14000,984.0136054421773],"knock":[16000,744.0136054421771],"laugh":[18000,768.0045351473907],"lead":[20000,672.018140589568],"learn":[22000,672.018140589568],"leave":[24000,696.0090702947853],"lie":[26000,719.9999999999989],"like":[28000,672.018140589568],"live":[30000,744.0136054421771],"meet":[32000,672.0181405895715],"paint":[34000,648.0045351473933],"promise":[36000,864.0136054421746],"read":[38000,648.0045351473933],"remember":[40000,792.0181405895689],"save":[42000,792.0181405895689],"sleep":[44000,719.9999999999989],"stand":[46000,840.0000000000034],"swim":[48000,768.0045351473907],"throw":[50000,672.0181405895715],"use":[52000,792.0181405895689],"walk":[54000,719.9999999999989],"wash":[56000,816.0090702947826],"win":[58000,696.0090702947853]}}