{"urls":["/Users/matsumotoarata/git/ME/WORK/Cycles/OrdinaryLife/public/static/speeches/Joanna/sprite/data.mp3","/Users/matsumotoarata/git/ME/WORK/Cycles/OrdinaryLife/public/static/speeches/Joanna/sprite/data.wav"],"sprite":{"awake":[0,768.0045351473923],"believe":[2000,744.0136054421771],"born":[4000,648.0045351473924],"buy":[6000,792.0181405895689],"collect":[8000,720.0000000000007],"cook":[10000,624.0136054421761],"cough":[12000,720.0000000000007],"cry":[14000,744.0136054421771],"dance":[16000,744.0136054421771],"die":[18000,719.9999999999989],"draw":[20000,624.0136054421761],"drink":[22000,648.0045351473933],"drive":[24000,719.9999999999989],"eat":[26000,600.0000000000014],"enjoy":[28000,792.0181405895689],"explain":[30000,984.0136054421755],"fall":[32000,624.0136054421796],"find":[34000,672.0181405895715],"follow":[36000,744.0136054421771],"help":[38000,864.0136054421746],"introduce":[40000,984.0136054421791],"jump":[42000,648.0045351473933],"kick":[44000,864.0136054421746],"kiss":[46000,696.0090702947853],"knock":[48000,744.0136054421771],"laugh":[50000,768.0045351473907],"lead":[52000,672.0181405895715],"learn":[54000,672.0181405895715],"leave":[56000,696.0090702947853],"lie":[58000,719.9999999999989],"like":[60000,672.0181405895715],"live":[62000,744.0136054421771],"love":[64000,696.0090702947781],"marry":[66000,744.0136054421771],"meet":[68000,672.0181405895715],"paint":[70000,648.0045351473933],"play":[72000,672.0181405895715],"prepare":[74000,792.0181405895761],"promise":[76000,864.0136054421816],"read":[78000,648.0045351473933],"remember":[80000,792.0181405895761],"run":[82000,719.9999999999989],"save":[84000,792.0181405895761],"say":[86000,719.9999999999989],"sell":[88000,768.0045351473979],"send":[90000,768.0045351473979],"shake":[92000,719.9999999999989],"share":[94000,936.0090702947872],"show":[96000,696.0090702947781],"sleep":[98000,719.9999999999989],"smile":[100000,816.0090702947826],"stand":[102000,840.0000000000034],"study":[104000,816.0090702947826],"swim":[106000,768.0045351473979],"talk":[108000,672.0181405895715],"teach":[110000,648.0045351473933],"thank":[112000,648.0045351473933],"think":[114000,599.9999999999943],"throw":[116000,672.0181405895715],"touch":[118000,719.9999999999989],"trip":[120000,648.0045351473933],"understand":[122000,1032.018140589571],"use":[125000,792.0181405895761],"walk":[127000,719.9999999999989],"wash":[129000,816.0090702947969],"watch":[131000,768.0045351473836],"win":[133000,696.0090702947923],"work":[135000,864.0136054421816]}}