{"urls":["/Users/matsumotoarata/git/ME/WORK/Cycles/OrdinaryLife/public/static/speeches/Ivy/sprite/data.mp3","/Users/matsumotoarata/git/ME/WORK/Cycles/OrdinaryLife/public/static/speeches/Ivy/sprite/data.wav"],"sprite":{"awake":[0,720],"believe":[2000,744.0136054421771],"born":[4000,648.0045351473924],"buy":[6000,599.9999999999997],"care":[8000,599.9999999999997],"collect":[10000,744.0136054421771],"cook":[12000,599.9999999999997],"cough":[14000,696.0090702947853],"cry":[16000,1032.018140589571],"dance":[19000,719.9999999999989],"die":[21000,648.0045351473933],"draw":[23000,719.9999999999989],"drink":[25000,648.0045351473933],"drive":[27000,792.0181405895689],"eat":[29000,576.0090702947842],"enjoy":[31000,839.9999999999999],"explain":[33000,840.0000000000034],"fall":[35000,719.9999999999989],"feel":[37000,672.0181405895715],"find":[39000,719.9999999999989],"follow":[41000,768.0045351473907],"help":[43000,648.0045351473933],"introduce":[45000,984.0136054421791],"invite":[47000,816.0090702947826],"jump":[49000,816.0090702947826],"kick":[51000,600.0000000000014],"kiss":[53000,696.0090702947853],"knock":[55000,696.0090702947853],"laugh":[57000,768.0045351473907],"lead":[59000,600.0000000000014],"learn":[61000,672.0181405895715],"leave":[63000,719.9999999999989],"lie":[65000,984.013605442172],"like":[67000,648.0045351473933],"love":[69000,719.9999999999989],"marry":[71000,719.9999999999989],"meet":[73000,696.0090702947781],"paint":[75000,648.0045351473933],"pass":[77000,719.9999999999989],"pick":[79000,599.9999999999943],"play":[81000,648.0045351473933],"prepare":[83000,768.0045351473979],"promise":[85000,792.0181405895761],"read":[87000,648.0045351473933],"remember":[89000,792.0181405895761],"report":[91000,792.0181405895761],"run":[93000,719.9999999999989],"save":[95000,792.0181405895761],"say":[97000,719.9999999999989],"sell":[99000,719.9999999999989],"send":[101000,744.0136054421771],"shake":[103000,696.0090702947781],"share":[105000,719.9999999999989],"show":[107000,1944.01360544218],"sleep":[110000,792.0181405895761],"smile":[112000,840.0000000000034],"stand":[114000,792.0181405895761],"swim":[116000,792.0181405895761],"talk":[118000,624.0136054421725],"teach":[120000,744.0136054421771],"tell":[122000,624.0136054421725],"thank":[124000,648.0045351473933],"think":[126000,599.9999999999943],"throw":[128000,648.0045351473791],"touch":[130000,696.0090702947923],"try":[132000,719.9999999999989],"understand":[134000,984.0136054421862],"use":[136000,744.0136054421771],"wait":[138000,696.0090702947923],"walk":[140000,648.0045351473791],"wash":[142000,744.0136054421771],"watch":[144000,768.0045351473836],"win":[146000,696.0090702947923],"work":[148000,599.9999999999943],"write":[150000,719.9999999999989]}}