{
  "urls": [
    "/Users/matsumotoarata/git/ME/WORK/Cycles/OrdinaryLife/public/static/speeches/Ivy/sprite/data.ogg",
    "/Users/matsumotoarata/git/ME/WORK/Cycles/OrdinaryLife/public/static/speeches/Ivy/sprite/data.m4a",
    "/Users/matsumotoarata/git/ME/WORK/Cycles/OrdinaryLife/public/static/speeches/Ivy/sprite/data.mp3",
    "/Users/matsumotoarata/git/ME/WORK/Cycles/OrdinaryLife/public/static/speeches/Ivy/sprite/data.ac3"
  ],
  "sprite": {
    "awake": [0,720],
    "believe": [2000, 744.0136054421771],
    "collect": [4000, 744.0136054421771],
    "cook": [6000, 599.9999999999997],
    "cough": [8000, 696.0090702947853],
    "drink": [10000, 648.0045351473915],
    "eat": [12000, 576.0090702947842],
    "explain": [14000, 839.9999999999999],
    "fall": [16000, 719.9999999999989],
    "introduce": [18000, 984.0136054421755],
    "jump": [20000, 816.0090702947862],
    "lead": [22000, 600.0000000000014],
    "learn": [24000, 672.018140589568],
    "leave": [26000, 719.9999999999989],
    "lie": [28000, 984.0136054421755],
    "like": [30000, 648.0045351473933],
    "love": [32000, 719.9999999999989],
    "marry": [34000, 719.9999999999989],
    "promise": [36000, 792.0181405895689],
    "remember": [38000, 792.0181405895689],
    "report": [40000, 792.0181405895689],
    "show": [42000, 1944.01360544218],
    "smile": [45000, 840.0000000000034],
    "stand": [47000, 792.0181405895689],
    "tell": [49000, 624.0136054421796],
    "touch": [51000, 696.0090702947853],
    "try": [53000, 719.9999999999989],
    "wait": [55000, 696.0090702947853],
    "wash": [57000, 744.0136054421771],
    "work": [59000, 600.0000000000014]
  }
}